{"MAP@100": 0.23730805982146067, "Recall@100": 1.4, "F1@100": 0.054751174714639105, "time_stats": {"mean_time": 141277.06156000058, "median_time": 162384.16190000135, "min_time": 42656.46660000493, "max_time": 185962.66299999843, "std_dev": 56720.69548870195}}