{"metrics_mnli": {"eval_loss": 0.4297417402267456, "eval_model_preparation_time": 0.005, "eval_accuracy": 0.8987264391237901, "eval_f1": 0.899002096457782, "eval_precision": 0.8998570456318667, "eval_recall": 0.8987264391237901, "eval_runtime": 71.9256, "eval_samples_per_second": 136.46, "eval_steps_per_second": 17.059}, 
"metrics_fever": {"eval_loss": 0.3437982499599457, "eval_model_preparation_time": 0.004, "eval_accuracy": 0.90254145767837, "eval_f1": 0.901648992332861, "eval_precision": 0.9010159088037477, "eval_recall": 0.90254145767837, "eval_runtime": 308.4819, "eval_samples_per_second": 135.078, "eval_steps_per_second": 16.886}}